{
  "popularity": {
    "precision@10": 0.03112363274776268,
    "recall@10": 0.040385295081901924,
    "ndcg@10": 0.04289307747886071,
    "precision@20": 0.028148823334438182,
    "recall@20": 0.0750326560410103,
    "ndcg@20": 0.05314775284407756,
    "n_users": 6034
  },
  "retrieval_only": {
    "precision@10": 0.03447132913490222,
    "recall@10": 0.06166684054187386,
    "ndcg@10": 0.054452182328397186,
    "precision@20": 0.030933046072257216,
    "recall@20": 0.10905633483715445,
    "ndcg@20": 0.06887755568973379,
    "n_users": 6034
  },
  "two_stage": {
    "precision@10": 0.039874047066622474,
    "recall@10": 0.0698732115195337,
    "ndcg@10": 0.06210523571560836,
    "precision@20": 0.0353994033808419,
    "recall@20": 0.1200426681295297,
    "ndcg@20": 0.07691674992929137,
    "n_users": 6034
  }
}